{
  "total_entries": 164956,
  "error_entries": 170,
  "actual_size_mb": 20.000043869018555,
  "actual_error_rate": 0.0010305778510633138,
  "output_file": "cuttlefish_synthetic_logs.log",
  "time_span_hours": 1398.0816666666667
}